dataset,domain,extraction_method,fidelity_score,trtr_accuracy,tstr_accuracy,trtr_f1,tstr_f1,trtr_roc_auc,tstr_roc_auc
adult_income,demographic,llm,79.16,0.7975227761285699,0.7803255195004607,0.4541942604856512,0.24701754385964914,0.7942560291493832,0.7943141630689828
pima_diabetes,medical,llm,98.36,0.7402597402597403,0.5454545454545454,0.8198198198198198,0.7058823529411765,0.8122222222222223,0.18925925925925924
german_credit,financial,llm,99.58,0.695,0.69,0.8145896656534954,0.8165680473372781,0.6676190476190477,0.3358333333333333
